{
  "diaphragms": [
    {
      "story": "11_P6",
      "master": 10384010,
      "slaves": [
        12000,
        14000,
        15000,
        16000,
        17000,
        18000,
        20000,
        34000,
        36000,
        37000,
        38000,
        39000,
        40000,
        41000,
        42000,
        44000,
        221000,
        225000,
        229000,
        233000,
        237000,
        241000,
        247000,
        249000,
        253000,
        255000,
        257000,
        259000,
        261000,
        269000,
        277000,
        285000,
        293000,
        301000,
        309000,
        375000,
        377000,
        379000,
        381000,
        383000,
        385000,
        400000,
        401000,
        536000,
        537000,
        538000,
        539000,
        540000,
        541000,
        542000,
        543000,
        544000,
        545000,
        546000,
        547000,
        597000,
        598000,
        599000,
        600000,
        602000,
        603000,
        604000,
        605000,
        607000,
        613000,
        614000,
        615000,
        617000,
        618000,
        619000,
        620000,
        622000,
        623000,
        624000,
        625000,
        627000,
        628000,
        629000,
        630000,
        659000,
        752000,
        754000,
        756000,
        758000,
        760000,
        762000,
        764000,
        766000,
        768000,
        770000,
        772000,
        774000,
        780000,
        786000,
        792000,
        795000,
        815000,
        819000,
        823000,
        827000,
        828000,
        829000,
        833000,
        834000,
        835000,
        839000,
        840000,
        841000,
        845000,
        847000,
        851000,
        852000,
        853000,
        1384000
      ],
      "mass": {
        "M": 81515.31250000001,
        "Izz": 8151531.250000002,
        "A": 326.0612500000001,
        "t": 0.1,
        "rho": 2500.0,
        "applied": true
      },
      "fix": {
        "ux": 0,
        "uy": 0,
        "uz": 1,
        "rx": 1,
        "ry": 1,
        "rz": 0,
        "applied": true
      }
    },
    {
      "story": "08_P5",
      "master": 10384011,
      "slaves": [
        12001,
        14001,
        15001,
        16001,
        17001,
        18001,
        34001,
        36001,
        37001,
        38001,
        39001,
        40001,
        41001,
        42001,
        44001,
        221001,
        225001,
        229001,
        233001,
        237001,
        241001,
        247001,
        249001,
        253001,
        255001,
        257001,
        259001,
        261001,
        269001,
        277001,
        374001,
        375001,
        376001,
        377001,
        378001,
        379001,
        380001,
        381001,
        382001,
        383001,
        384001,
        385001,
        400001,
        401001,
        536001,
        537001,
        538001,
        539001,
        540001,
        541001,
        542001,
        543001,
        598001,
        599001,
        600001,
        603001,
        604001,
        605001,
        613001,
        614001,
        615001,
        618001,
        619001,
        620001,
        623001,
        624001,
        625001,
        628001,
        629001,
        630001,
        752001,
        754001,
        756001,
        758001,
        760001,
        762001,
        764001,
        766001,
        768001,
        770001,
        772001,
        774001,
        780001,
        786001,
        792001,
        794001,
        795001,
        817001,
        818001,
        821001,
        827001,
        828001,
        829001,
        833001,
        834001,
        835001,
        839001,
        840001,
        841001,
        847001,
        851001,
        852001,
        1384001
      ],
      "mass": {
        "M": 64345.46875000002,
        "Izz": 6434546.875000002,
        "A": 257.3818750000001,
        "t": 0.1,
        "rho": 2500.0,
        "applied": true
      },
      "fix": {
        "ux": 0,
        "uy": 0,
        "uz": 1,
        "rx": 1,
        "ry": 1,
        "rz": 0,
        "applied": true
      }
    },
    {
      "story": "07_P5_m155",
      "master": 10384012,
      "slaves": [
        20002,
        56002,
        57002,
        59002,
        293002,
        301002,
        309002,
        349002,
        351002,
        353002,
        355002,
        357002,
        359002,
        545002,
        546002,
        547002,
        553002,
        597002,
        602002,
        607002,
        617002,
        622002,
        627002,
        633002,
        634002,
        638002,
        659002,
        667002,
        763002,
        765002,
        767002,
        769002,
        771002,
        773002,
        791002,
        809002,
        813002,
        814002,
        815002,
        819002,
        823002,
        853002,
        887002,
        888002
      ],
      "mass": {
        "M": 19043.43750000001,
        "Izz": 1904343.7500000012,
        "A": 76.17375000000004,
        "t": 0.1,
        "rho": 2500.0,
        "applied": true
      },
      "fix": {
        "ux": 0,
        "uy": 0,
        "uz": 1,
        "rx": 1,
        "ry": 1,
        "rz": 0,
        "applied": true
      }
    },
    {
      "story": "04_P4",
      "master": 10384013,
      "slaves": [
        12003,
        14003,
        15003,
        16003,
        17003,
        18003,
        34003,
        36003,
        37003,
        38003,
        39003,
        40003,
        41003,
        42003,
        44003,
        221003,
        225003,
        229003,
        233003,
        237003,
        241003,
        247003,
        249003,
        253003,
        255003,
        257003,
        259003,
        261003,
        269003,
        277003,
        374003,
        375003,
        376003,
        377003,
        378003,
        379003,
        380003,
        381003,
        382003,
        383003,
        384003,
        385003,
        400003,
        401003,
        536003,
        537003,
        538003,
        539003,
        540003,
        541003,
        542003,
        543003,
        598003,
        599003,
        600003,
        603003,
        604003,
        605003,
        613003,
        614003,
        615003,
        618003,
        619003,
        620003,
        623003,
        624003,
        625003,
        628003,
        629003,
        630003,
        752003,
        754003,
        756003,
        758003,
        760003,
        762003,
        764003,
        766003,
        768003,
        770003,
        772003,
        774003,
        780003,
        786003,
        792003,
        794003,
        795003,
        817003,
        818003,
        821003,
        827003,
        828003,
        829003,
        833003,
        834003,
        835003,
        839003,
        840003,
        841003,
        847003,
        851003,
        852003,
        1384003
      ],
      "mass": {
        "M": 64345.46875000002,
        "Izz": 6434546.875000002,
        "A": 257.3818750000001,
        "t": 0.1,
        "rho": 2500.0,
        "applied": true
      },
      "fix": {
        "ux": 0,
        "uy": 0,
        "uz": 1,
        "rx": 1,
        "ry": 1,
        "rz": 0,
        "applied": true
      }
    },
    {
      "story": "05_P4_m155",
      "master": 10384014,